index	word	poem	sandhied_word	morph_analysis	morph_in_context	kaaraka_sambandha	possible_relations	color_code	hindi_meaning	hindi_meaning_active

1.1	विद्वान्		विद्वान्	विद्वस्{पुं;1;एक}	विद्वस्{पुं;1;एक}	विधेय_विशेषणम्,2.1	विधेय_विशेषणम्,2.1#कर्ता_बे_वेर्ब्स्,3.1	N1	विद्वान्	विद्वान्
2.1	कः		कः	किम्{सर्वनाम;पुं;1;एक}	किम्{सर्वनाम;पुं;1;एक}	कर्ता,3.1	विशेषणम्,1.1#कर्ता_बे_वेर्ब्स्,3.1	N1	कौन	कौन
3.1	अस्ति		अस्ति	अस्2{कर्तरि;लट्;प्र;एक;परस्मैपदी;अदादिः}	अस्2{कर्तरि;लट्;प्र;एक;परस्मैपदी;अदादिः}	अभिहित_कर्ता,2.1	-	KP	है	है
4.1	.		.	-	-	-	-	FS	-	-

