index	word	poem	sandhied_word	morph_analysis	morph_in_context	kaaraka_sambandha	possible_relations	color_code	hindi_meaning	hindi_meaning_active

1.1	कः		कः	किम्{सर्वनाम;पुं;1;एक}	किम्{सर्वनाम;पुं;1;एक}	कर्ता,4.1	विशेषणम्,3.3#कर्ता_बे_वेर्ब्स्,4.1	N1	कौन	कौन
2.1	च		च	च{अव्य}	च{अव्य}	सम्बन्धः,1.1	सम्बन्धः,1.1	NA	च1	च1
3.1	एक-		एक-प्रिय-दर्शनः	एक	एक	षष्ठी_बहुव्रीहि,3.2	षष्ठी_बहुव्रीहि,3.2	CP	एक-	एक-
3.2	प्रिय-		--	प्रिय	प्रिय	कर्मधारय,3.3	कर्मधारय,3.3	CP	प्रिय-	प्रिय-
3.3	दर्शनः		--	दर्शन{पुं;1;एक}	दर्शन{पुं;1;एक}	विधेय_विशेषणम्,1.1	विधेय_विशेषणम्,1.1#कर्ता_बे_वेर्ब्स्,4.1	N1	दर्शन	दर्शन
4.1	अस्ति		अस्ति	अस्2{कर्तरि;लट्;प्र;एक;परस्मैपदी;अदादिः}	अस्2{कर्तरि;लट्;प्र;एक;परस्मैपदी;अदादिः}	अभिहित_कर्ता,1.1	-	KP	है	है
5.1	.		.	-	-	-	-	FS	-	-

