index	word	poem	sandhied_word	morph_analysis	morph_in_context	kaaraka_sambandha	possible_relations	color_code	hindi_meaning	hindi_meaning_active

1.1	कः		कः	किम्{सर्वनाम;पुं;1;एक}	किम्{सर्वनाम;पुं;1;एक}	कर्ता,4.1	विशेषणम्,2.1#कर्ता_बे_वेर्ब्स्,4.1	N1	कौन	कौन
2.1	समर्थः		समर्थः	समर्थ{पुं;1;एक}	समर्थ{पुं;1;एक}	विधेय_विशेषणम्,1.1	विधेय_विशेषणम्,1.1#कर्ता_बे_वेर्ब्स्,4.1	N1	समर्थ	समर्थ
3.1	च		च	च{अव्य}	च{अव्य}	सम्बन्धः,2.1	सम्बन्धः,2.1	NA	च1	च1
4.1	अस्ति		अस्ति	अस्2{कर्तरि;लट्;प्र;एक;परस्मैपदी;अदादिः}	अस्2{कर्तरि;लट्;प्र;एक;परस्मैपदी;अदादिः}	अभिहित_कर्ता,1.1	-	KP	है	है
5.1	.		.	-	-	-	-	FS	-	-

