index	word	poem	sandhied_word	morph_analysis	morph_in_context	kaaraka_sambandha	possible_relations	color_code	hindi_meaning	hindi_meaning_active

1.1	जितक्रोधः		जितक्रोधः	जितक्रोध{पुं;1;एक}	जितक्रोध{पुं;1;एक}	समुच्चितः,2.1	सुप्_समुच्चितः,2.1#कर्ता_बे_वेर्ब्स्,5.1	N1	जितक्रोध	जितक्रोध
2.1	द्युतिमान्		द्युतिमान्	द्युति{मतुप्;पुं;1;एक}	द्युति{मतुप्;पुं;1;एक}	विधेय_विशेषणम्,4.1	विधेय_विशेषणम्,4.1#विधेय_विशेषणम्,1.1#कर्ता_बे_वेर्ब्स्,5.1	N1	द्युति_वाला	द्युति_वाला
3.1	च		च	च{अव्य}	च{अव्य}	समुच्चय_द्योतकः,2.1	सुप्_समुच्चय_द्योतकः,2.1#सम्बन्धः,2.1	NA	च2	च2
4.1	कः		कः	किम्{सर्वनाम;पुं;1;एक}	किम्{सर्वनाम;पुं;1;एक}	कर्ता,5.1	विशेषणम्,1.1#कर्ता_बे_वेर्ब्स्,5.1	N1	कौन	कौन
5.1	अस्ति		अस्ति	अस्2{कर्तरि;लट्;प्र;एक;परस्मैपदी;अदादिः}	अस्2{कर्तरि;लट्;प्र;एक;परस्मैपदी;अदादिः}	अभिहित_कर्ता,4.1	-	KP	है	है
6.1	.		.	-	-	-	-	FS	-	-

