index	word	poem	sandhied_word	morph_analysis	morph_in_context	kaaraka_sambandha	possible_relations	color_code	hindi_meaning	hindi_meaning_active

1.1	एतद्		एतद्	एतद्{सर्वनाम;नपुं;1;एक}/एतद्{सर्वनाम;नपुं;2;एक}	एतद्{सर्वनाम;नपुं;2;एक}	कर्म,4.1	कर्म,4.1#कर्म,2.1#विशेषणम्,3.1	N2	यह	यह
2.1	इच्छामि		इच्छामि	इष्2{कर्तरि;लट्;उ;एक;परस्मैपदी;तुदादिः}	इष्2{कर्तरि;लट्;उ;एक;परस्मैपदी;तुदादिः}	अभिहित_कर्ता,3.1;सकर्मक	-	KP	इच्छा_करता_हूँ	इच्छा_करता_हूँ
3.1	अहं		अहं	अस्मद्{सर्वनाम;1;एक}	अस्मद्{सर्वनाम;1;एक}	कर्ता,2.1	कर्ता,2.1	N1	मैं	मैं
4.1	श्रोतुं		श्रोतुं	श्रु1{अव्य;तुमुन्;भ्वादिः}	श्रु1{अव्य;तुमुन्;भ्वादिः}	कर्म,2.1	इष्कर्म,2.1	NA	सुनने~की	सुनने~की
5.1	.		.	-	-	-	-	FS	-	-

