index	word	poem	sandhied_word	morph_analysis	morph_in_context	kaaraka_sambandha	possible_relations	color_code	hindi_meaning	hindi_meaning_active

1.1	बहवः		बहवः	बहु{पुं;1;बहु}/बहु{स्त्री;1;बहु}/बहु{स्त्री;2;बहु}/बहु{पुं;8;बहु}/बहु{स्त्री;8;बहु}	बहु{पुं;1;बहु}	समुच्चितः,2.1	विशेषणम्,2.1#सुप्_समुच्चितः,2.1	N1	बहुत	बहुत
2.1	दुर्लभाः		दुर्लभाः	दुर्लभ{पुं;1;बहु}/दुर्लभा{स्त्री;1;बहु}/दुर्लभा{स्त्री;2;बहु}	दुर्लभ{पुं;1;बहु}		विशेषणम्,1.1	N1	दुर्लभ	दुर्लभ
3.1	च		च	च{अव्य}	च{अव्य}	समुच्चय_द्योतकः,2.1	सुप्_समुच्चय_द्योतकः,2.1#सम्बन्धः,2.1	NA	च2	च2
4.1	एव		एव	एव{अव्य}	एव{अव्य}	सम्बन्धः,3.1	सम्बन्धः,3.1	NA	ही	ही
5.1	.		.	-	-	-	-	FS	-	-

