index	word	poem	sandhied_word	morph_analysis	morph_in_context	kaaraka_sambandha	possible_relations	color_code	hindi_meaning	hindi_meaning_active

1.1	भवान्		भवान्	भव{पुं;2;बहु}/भवत्{सर्वनाम;पुं;1;एक}	भवत्{सर्वनाम;पुं;1;एक}	कर्म,2.1	कर्म,2.1	N1	आप	आप
2.1	श्रूयतां		श्रूयतां	श्रु1{कर्मणि;लोट्;प्र;एक;आत्मनेपदी;भ्वादिः}	श्रु1{कर्मणि;लोट्;प्र;एक;आत्मनेपदी;भ्वादिः}	अभिहित_कर्म,1.1;सकर्मक	-	KP	सुने	सुने
3.1	.		.	-	-	-	-	FS	-	-

