index	word	poem	sandhied_word	morph_analysis	morph_in_context	kaaraka_sambandha	possible_relations	color_code	hindi_meaning	hindi_meaning_active

1.1	ये		ये	यद्{सर्वनाम;पुं;1;बहु}/यद्{सर्वनाम;नपुं;1;द्वि}/यद्{सर्वनाम;नपुं;2;द्वि}/यद्{सर्वनाम;स्त्री;1;द्वि}/यद्{सर्वनाम;स्त्री;2;द्वि}	यद्{सर्वनाम;पुं;1;बहु}	विशेषणम्,4.1	विशेषणम्,4.1#विशेषणम्,3.1#कर्म,3.1	N1	जो	जो
2.1	त्वया		--	युष्मद्{सर्वनाम;3;एक}	युष्मद्{सर्वनाम;3;एक}	कर्ता,3.1	कर्ता,3.1#हेतुः,3.1	N3	तुमसे	तुमसे
3.1	कीर्तिताः		--	कीर्तित{पुं;1;बहु(कीर्त्1{क्त;भ्वादिः)}/कीर्तित{पुं;1;बहु(कॄत्1;क्त;चुरादिः)}/कीर्तिता{स्त्री;1;बहु(कॄत्1;क्त;चुरादिः)}/कीर्तिता{स्त्री;2;बहु(कॄत्1;क्त;चुरादिः)}	कीर्तित{पुं;1;बहु(कॄत्1;क्त;चुरादिः)}		-	N1	प्रसद्धि_किया_हुआ	प्रसद्धि_किया_हुआ
4.1	गुणाः		--	गुण{पुं;1;बहु}/गुणा{स्त्री;1;बहु}/गुणा{स्त्री;2;बहु}/गुण{पुं;8;बहु}	गुण{पुं;1;बहु}	कर्म,3.1	सम्बोध्यः,3.1#कर्म,3.1#विशेषणम्,3.1#विशेषणम्,1.1	N1	गुण	गुण
5.1	.		-	-	-	-	-	FS	-	-

