index	word	poem	sandhied_word	morph_analysis	morph_in_context	kaaraka_sambandha	possible_relations	color_code	hindi_meaning	hindi_meaning_active

1.1	सः		सः	तद्{सर्वनाम;पुं;1;एक}	तद्{सर्वनाम;पुं;1;एक}	कर्ता,5.1	विशेषणम्,2.2#सुप्_समुच्चितः,3.1#कर्ता_बे_वेर्ब्स्,5.1	N1	वह	वह
2.1	स्निग्ध-		स्निग्ध-वर्णः	स्निग्ध(ष्निह्1;क्त;दिवादिः)	स्निग्ध(ष्निह्1;क्त;दिवादिः)	षष्ठी-बहुव्रीहि,2.2	षष्ठी-बहुव्रीहि,2.2	CP		
2.2	वर्णः		--	वर्ण{पुं;1;एक}	वर्ण{पुं;1;एक}	समुच्चितः,3.1	विधेय_विशेषणम्,3.1#विधेय_विशेषणम्,1.1#सुप्_समुच्चितः,3.1#कर्ता_बे_वेर्ब्स्,5.1	N1	वर्ण	वर्ण
3.1	प्रतापवान्		प्रतापवान्	प्रताप{मतुप्;पुं;1;एक}	प्रताप{मतुप्;पुं;1;एक}	विधेय_विशेषणम्,1.1	विधेय_विशेषणम्,2.2#विधेय_विशेषणम्,1.1#कर्ता_बे_वेर्ब्स्,5.1	N1	प्रताप_वाला	प्रताप_वाला
4.1	च		च	च{अव्य}	च{अव्य}	समुच्चय_द्योतकः,3.1	सुप्_समुच्चय_द्योतकः,3.1#सम्बन्धः,3.1	NA	और	और
5.1	अस्ति		अस्ति	अस्2{कर्तरि;लट्;प्र;एक;परस्मैपदी;अदादिः}	अस्2{कर्तरि;लट्;प्र;एक;परस्मैपदी;अदादिः}	अभिहित_कर्ता,1.1	-	KP	है	है
6.1	.		.	-	-	-	-	FS	-	-

