index	word	poem	sandhied_word	morph_analysis	morph_in_context	kaaraka_sambandha	possible_relations	color_code	hindi_meaning	hindi_meaning_active

1.1	सः		सः	तद्{सर्वनाम;पुं;1;एक}	तद्{सर्वनाम;पुं;1;एक}	कर्ता,5.1	विशेषणम्,3.2#विशेषणम्,2.1#सुप्_समुच्चितः,3.2#कर्ता_बे_वेर्ब्स्,5.1	N1	वह	वह
2.1	धर्मज्ञः		धर्मज्ञः	धर्मज्ञ{पुं;1;एक}	धर्मज्ञ{पुं;1;एक}	समुच्चितः,3.2	विधेय_विशेषणम्,3.2#विधेय_विशेषणम्,1.1#सुप्_समुच्चितः,3.2#कर्ता_बे_वेर्ब्स्,5.1	N1	धर्मज्ञ	धर्मज्ञ
3.1	सत्य-		सत्य-सन्धः	सत्य	सत्य	षष्ठी-बहुव्रीहि,3.2	षष्ठी-बहुव्रीहि,3.2	CP	सत्य-	सत्य-
3.2	सन्धः		--	सन्ध{पुं;1;एक}	सन्ध{पुं;1;एक}	विधेय_विशेषणम्,1.1	विधेय_विशेषणम्,2.1#विधेय_विशेषणम्,1.1#कर्ता_बे_वेर्ब्स्,5.1	N1	मेल	मेल
4.1	च		च	च{अव्य}	च{अव्य}	समुच्चय_द्योतकः,3.2	सुप्_समुच्चय_द्योतकः,3.2#सम्बन्धः,3.2	NA	च2	च2
5.1	अस्ति		अस्ति	अस्2{कर्तरि;लट्;प्र;एक;परस्मैपदी;अदादिः}	अस्2{कर्तरि;लट्;प्र;एक;परस्मैपदी;अदादिः}	अभिहित_कर्ता,1.1	-	KP	है	है
6.1	.		.	-	-	-	-	FS	-	-

