index	word	poem	sandhied_word	morph_analysis	morph_in_context	kaaraka_sambandha	possible_relations	color_code	hindi_meaning	hindi_meaning_active

1.1	सः		सः	तद्{सर्वनाम;पुं;1;एक}	तद्{सर्वनाम;पुं;1;एक}	कर्ता,5.1	विशेषणम्,3.2#विशेषणम्,2.1#कर्ता_बे_वेर्ब्स्,5.1	N1	वह	वह
2.1	यशस्वी		यशस्वी	यशस्विन्{पुं;1;एक}	यशस्विन्{पुं;1;एक}	विशेषणम्,1.1	विधेय_विशेषणम्,3.2#विधेय_विशेषणम्,1.1#कर्ता_बे_वेर्ब्स्,5.1	N1	प्रसिद्ध	प्रसिद्ध
3.1	ज्ञान-		ज्ञान-सम्पन्नः	ज्ञान	ज्ञान	तृतीया-तत्पुरुष,3.2	तृतीया-तत्पुरुष,3.2	CP	ज्ञान-	ज्ञान-
3.2	सम्पन्नः		--	सम्पन्न{पुं;1;एक(सम्_पद्1;क्त;दिवादिः)}	सम्पन्न{पुं;1;एक(सम्_पद्1;क्त;दिवादिः)}	विधेय_विशेषणम्,1.1	विधेय_विशेषणम्,2.1#विधेय_विशेषणम्,1.1#कर्ता_बे_वेर्ब्स्,5.1	N1	सम्पन्न	सम्पन्न
4.1	च		च	च{अव्य}	च{अव्य}	सम्बन्धः,3.2	सम्बन्धः,3.2	NA	च1	च1
5.1	अस्ति		अस्ति	अस्2{कर्तरि;लट्;प्र;एक;परस्मैपदी;अदादिः}	अस्2{कर्तरि;लट्;प्र;एक;परस्मैपदी;अदादिः}	अभिहित_कर्ता,1.1	-	KP	है	है
6.1	.		.	-	-	-	-	FS	-	-

