index	word	poem	sandhied_word	morph_analysis	morph_in_context	kaaraka_sambandha	possible_relations	color_code	hindi_meaning	hindi_meaning_active

1.1	सः		सः	तद्{सर्वनाम;पुं;1;एक}	तद्{सर्वनाम;पुं;1;एक}	कर्ता,5.1	विशेषणम्,3.2#विशेषणम्,2.1#सुप्_समुच्चितः,3.2#कर्ता_बे_वेर्ब्स्,5.1#कर्ता,2.1#कर्म,2.1	N1	वह	वह
2.1	धाता		धाता	धा1{कर्तरि;लुट्;प्र;एक;परस्मैपदी;जुहोत्यादिः}/धा1{कर्तरि;लुट्;प्र;एक;आत्मनेपदी;जुहोत्यादिः}/धा1{कर्मणि;लुट्;प्र;एक;आत्मनेपदी;जुहोत्यादिः}/धे1{कर्तरि;लुट्;प्र;एक;परस्मैपदी;भ्वादिः}/धे1{कर्मणि;लुट्;प्र;एक;आत्मनेपदी;भ्वादिः}/धातृ{पुं;1;एक}	धातृ{पुं;1;एक}	समुच्चितः,3.2	विधेय_विशेषणम्,1.1#सुप्_समुच्चितः,3.2#कर्ता_बे_वेर्ब्स्,5.1	N1	विधाता	विधाता
3.1	रिपु-		रिपु-निषूदनः	रिपु	रिपु	उपपद-तत्पुरुष,3.2	उपपद-तत्पुरुष,3.2	CP	रिपु-	रिपु-
3.2	निषूदनः		--	निषूदन{पुं;1;एक}	निषूदन{पुं;1;एक}	विधेय_विशेषणम्,1.1	विधेय_विशेषणम्,2.1#विधेय_विशेषणम्,1.1#कर्ता_बे_वेर्ब्स्,5.1#कर्ता,2.1#कर्म,2.1	N1	निषूदन	निषूदन
4.1	च		च	च{अव्य}	च{अव्य}	समुच्चय_द्योतकः,3.2	सुप्_समुच्चय_द्योतकः,3.2#सम्बन्धः,3.2	NA	च2	च2
5.1	अस्ति		अस्ति	अस्2{कर्तरि;लट्;प्र;एक;परस्मैपदी;अदादिः}	अस्2{कर्तरि;लट्;प्र;एक;परस्मैपदी;अदादिः}	अभिहित_कर्ता,1.1	-	KP	है	है
6.1	.		.	-	-	-	-	FS	-	-

