index	word	poem	sandhied_word	morph_analysis	morph_in_context	kaaraka_sambandha	possible_relations	color_code	hindi_meaning	hindi_meaning_active

1.1	सः		सः	तद्{सर्वनाम;पुं;1;एक}	तद्{सर्वनाम;पुं;1;एक}	कर्ता,5.1	विशेषणम्,3.1#विशेषणम्,2.3#सुप्_समुच्चितः,3.1#कर्ता_बे_वेर्ब्स्,5.1	N1	वह	वह
2.1	प्रजा-		प्रजा-पति-समः	प्रजा	प्रजा	षष्ठी-तत्पुरुष,2.2	षष्ठी-तत्पुरुष,2.2	CP	प्रजा-	प्रजा-
2.2	पति-		--	पति	पति	तृतीया-तत्पुरुष,2.3	तृतीया-तत्पुरुष,2.3	CP	पति-	पति-
2.3	समः		--	सम{पुं;1;एक}/सम{सर्वनाम;पुं;1;एक}	सम{सर्वनाम;पुं;1;एक}	समुच्चितः,3.1	विधेय_विशेषणम्,3.1#विधेय_विशेषणम्,1.1#सुप्_समुच्चितः,3.1#कर्ता_बे_वेर्ब्स्,5.1	N1	सम	सम
3.1	श्रीमान्		श्रीमान्	श्रीमत्{पुं;1;एक}/श्री{मतुप्;पुं;1;एक}	श्रीमत्{पुं;1;एक}	विधेय_विशेषणम्,1.1	विधेय_विशेषणम्,2.3#विधेय_विशेषणम्,1.1#कर्ता_बे_वेर्ब्स्,5.1	N1	श्री_मान्	श्री_मान्
4.1	च		च	च{अव्य}	च{अव्य}	समुच्चय_द्योतकः,3.1	सुप्_समुच्चय_द्योतकः,3.1#सम्बन्धः,3.1	NA	च2	च2
5.1	अस्ति		अस्ति	अस्2{कर्तरि;लट्;प्र;एक;परस्मैपदी;अदादिः}	अस्2{कर्तरि;लट्;प्र;एक;परस्मैपदी;अदादिः}	अभिहित_कर्ता,1.1	-	KP	है	है
6.1	.		.	-	-	-	-	FS	-	-

