index	word	poem	sandhied_word	morph_analysis	morph_in_context	kaaraka_sambandha	possible_relations	color_code	hindi_meaning	hindi_meaning_active

1.1	सः		सः	तद्{सर्वनाम;पुं;1;एक}	तद्{सर्वनाम;पुं;1;एक}	कर्ता,5.1	विशेषणम्,3.2#सुप्_समुच्चितः,3.2#कर्ता_बे_वेर्ब्स्,5.1	N1	वह	वह
2.1	सोमवत्		सोमवत्	सोम{अव्य;वत्}/सोमन्{अव्य;वत्}/सोम{मतुप्;नपुं;1;एक}/सोम{मतुप्;नपुं;2;एक}/सोमन्{मतुप्;नपुं;1;एक}/सोमन्{मतुप्;नपुं;2;एक}	सोम{मतुप्;नपुं;1;एक}	उपमान,1.1	उपमान,1.1#सुप्_समुच्चितः,3.2#कर्ता_बे_वेर्ब्स्,5.1#क्रियाविशेषणम्,5.1	N1	सोम_पुं	सोम_पुं
3.1	प्रिय-		प्रिय-दर्शनः	प्रिय	प्रिय	षष्ठी-बहुव्रीहि,3.2	षष्ठी-बहुव्रीहि,3.2	CP	प्रिय-	प्रिय-
3.2	दर्शनः		--	दर्शन{पुं;1;एक}	दर्शन{पुं;1;एक}	विधेय_विशेषणम्,1.1	विधेय_विशेषणम्,2.1#विधेय_विशेषणम्,1.1#कर्ता_बे_वेर्ब्स्,5.1	N1	दर्शन	दर्शन
4.1	च		च	च{अव्य}	च{अव्य}	समुच्चय_द्योतकः,3.2	सुप्_समुच्चय_द्योतकः,3.2#सम्बन्धः,3.2	NA	च2	च2
5.1	अस्ति		अस्ति	अस्2{कर्तरि;लट्;प्र;एक;परस्मैपदी;अदादिः}	अस्2{कर्तरि;लट्;प्र;एक;परस्मैपदी;अदादिः}	अभिहित_कर्ता,1.1	-	KP	है	है
6.1	.		.	-	-	-	-	FS	-	-

