index	word	poem	sandhied_word	morph_analysis	morph_in_context	kaaraka_sambandha	possible_relations	color_code	hindi_meaning	hindi_meaning_active

1.1	सः		सः	तद्{सर्वनाम;पुं;1;एक}	तद्{सर्वनाम;पुं;1;एक}	कर्ता,4.1	विशेषणम्,3.2#कर्ता_बे_वेर्ब्स्,4.1	N1	वह	वह
2.1	क्षमया		क्षमया	क्षमा{स्त्री;3;एक}	क्षमा{स्त्री;3;एक}	हेतुः,4.1	हेतुः,4.1	N3	क्षमा_का	क्षमा_का
3.1	पृथिवी-		पृथिवी-समः	पृथिवी	पृथिवी	तृतीया-तत्पुरुष,3.2	तृतीया-तत्पुरुष,3.2	CP	पृथिवी-	पृथिवी-
3.2	समः		--	सम{पुं;1;एक}/सम{सर्वनाम;पुं;1;एक}	सम{पुं;1;एक}	विधेय_विशेषणम्,1.1	विधेय_विशेषणम्,1.1#कर्ता_बे_वेर्ब्स्,4.1	N1	समान	समान
4.1	अस्ति		अस्ति	अस्2{कर्तरि;लट्;प्र;एक;परस्मैपदी;अदादिः}	अस्2{कर्तरि;लट्;प्र;एक;परस्मैपदी;अदादिः}	अभिहित_कर्ता,1.1	-	KP	है	है
5.1	.		.	-	-	-	-	FS	-	-

