index	word	poem	sandhied_word	morph_analysis	morph_in_context	kaaraka_sambandha	possible_relations	color_code	hindi_meaning	hindi_meaning_active

1.1	सः		सः	तद्{सर्वनाम;पुं;1;एक}	तद्{सर्वनाम;पुं;1;एक}	कर्ता,5.1	विशेषणम्,3.1#कर्ता_बे_वेर्ब्स्,5.1	N1	वह	वह
2.1	विष्णुना		विष्णुना	विष्णु{पुं;3;एक}/विष्णु{नपुं;3;एक}	विष्णु{पुं;3;एक}	तुलना_बिन्दुः,3.1	तुलना_बिन्दुः,3.1#हेतुः,5.1	N3	विष्णु_का	विष्णु_का
3.1	सदृशः		सदृशः	सदृश्{पुं;1;बहु}/सदृश्{पुं;2;बहु}/सदृश्{पुं;5;एक}/सदृश्{पुं;6;एक}/सदृश्{नपुं;1;बहु}/सदृश्{नपुं;2;बहु}/सदृश्{नपुं;5;एक}/सदृश्{नपुं;6;एक}/सदृश{पुं;1;एक}/सदृश्{पुं;8;बहु}/सदृश्{नपुं;8;बहु}	सदृश{पुं;1;एक}	विधेय_विशेषणम्,1.1	सम्बोध्यः,5.1#विधेय_विशेषणम्,1.1#कर्ता_बे_वेर्ब्स्,5.1#षष्ठीसम्बन्धः,4.1#षष्ठीसम्बन्धः,2.1#हेतुः5,5.1	N1	समान	समान
4.1	वीर्ये		वीर्ये	वीर्य{नपुं;1;द्वि}/वीर्य{नपुं;2;द्वि}/वीर्य{नपुं;8;द्वि}/वीर्य{नपुं;7;एक}	वीर्य{नपुं;7;एक}	अधिकरणम्,5.1	अधिकरणम्,5.1	N7	शूरवीरते_में	शूरवीरते_में
5.1	अस्ति		अस्ति	अस्2{कर्तरि;लट्;प्र;एक;परस्मैपदी;अदादिः}	अस्2{कर्तरि;लट्;प्र;एक;परस्मैपदी;अदादिः}	अभिहित_कर्ता,1.1	-	KP	है	है
6.1	.		.	-	-	-	-	FS	-	-

