index	word	poem	sandhied_word	morph_analysis	morph_in_context	kaaraka_sambandha	possible_relations	color_code	hindi_meaning	hindi_meaning_active

1.1	सः		सः	तद्{सर्वनाम;पुं;1;एक}	तद्{सर्वनाम;पुं;1;एक}	कर्ता,5.1	विशेषणम्,3.1#कर्ता_बे_वेर्ब्स्,5.1	N1	वह	वह
2.1	धनदेन		धनदेन	धनद{पुं;3;एक}/धनद{नपुं;3;एक}	धनद{पुं;3;एक}	हेतुः,5.1	हेतुः,5.1	N3	धनद_का	धनद_का
3.1	समः		समः	सम{पुं;1;एक}/सम{सर्वनाम;पुं;1;एक}	सम{सर्वनाम;पुं;1;एक}	विधेय_विशेषणम्,1.1	विधेय_विशेषणम्,1.1	N1	सम	सम
4.1	त्यागे		त्यागे	त्याग{पुं;7;एक}	त्याग{पुं;7;एक}	अधिकरणम्,5.1	विषयाधिकरणम्,3.1#अधिकरणम्,5.1	N7	त्याग_में	त्याग_में
5.1	अस्ति		अस्ति	अस्2{कर्तरि;लट्;प्र;एक;परस्मैपदी;अदादिः}	अस्2{कर्तरि;लट्;प्र;एक;परस्मैपदी;अदादिः}	अभिहित_कर्ता,1.1	-	KP	है	है
6.1	.		.	-	-	-	-	FS	-	-

