index	word	poem	sandhied_word	morph_analysis	morph_in_context	kaaraka_sambandha	possible_relations	color_code	hindi_meaning	hindi_meaning_active
										
1.1	सः		सः	तद्{सर्वनाम;पुं;1;एक}	तद्{सर्वनाम;पुं;1;एक}	कर्ता,6.1	विशेषणम्,5.1#विशेषणम्,3.1#कर्ता_बे_वेर्ब्स्,6.1	N1	वह	वह
2.1	सत्ये		सत्ये	सत्या{स्त्री;8;एक}/सत्य{पुं;7;एक}/सत्य{नपुं;7;एक}	सत्य{पुं;7;एक}	अधिकरणम्,6.1	अधिकरणम्,6.1#सम्बोध्यः,6.1	N7	सत्य_में	सत्य_में
3.1	धर्मः		धर्मः	धर्म{पुं;1;एक}	धर्म{पुं;1;एक}	उपमानम्,1.1	विधेय_विशेषणम्,1.1#उपमानम्,1.1#कर्ता_बे_वेर्ब्स्,6.1	N1	धर्म	धर्म
4.1	इव		इव	इव{अव्य}	इव{अव्य}	उपमान_द्योतकः,3.1	उपमान_द्योतकः,3.1	NA	जैसे	जैसे
5.1	अपरः		अपरः	अपर{पुं;1;एक}/अपर{सर्वनाम;पुं;1;एक}	अपर{पुं;1;एक}	विधेय_विशेषणम्,1.1	विधेय_विशेषणम्,3.1#विधेय_विशेषणम्,1.1#कर्ता_बे_वेर्ब्स्,6.1	N1	दूसरा	दूसरा
6.1	अस्ति		अस्ति	अस्2{कर्तरि;लट्;प्र;एक;परस्मैपदी;अदादिः}	अस्2{कर्तरि;लट्;प्र;एक;परस्मैपदी;अदादिः}	अभिहित_कर्ता,1.1	-	KP	है	है
7.1	.		.	-	-	-	-	FS	-	-
