index	word	poem	sandhied_word	morph_analysis	morph_in_context	kaaraka_sambandha	possible_relations	color_code	hindi_meaning	hindi_meaning_active

1.1	विवासनं		विवासनं	विवासन{नपुं;1;एक}/विवासन{नपुं;2;एक}	विवासन{नपुं;2;एक}		-	N2	देश_निर्वासन_को	देश_निर्वासन_को
2.1	च		च	च{अव्य}	च{अव्य}	समुच्चय_द्योतकः,1.1	सुप्_समुच्चय_द्योतकः,1.1#सम्बन्धः,1.1	NA	च2	च2
3.1	रामस्य		रामस्य	राम{पुं;6;एक}	राम{पुं;6;एक}	षष्ठीसम्बन्धः,1.1	विशेषणम्,4.1#षष्ठीसम्बन्धः,5.1#षष्ठीसम्बन्धः,1.1	N6	राम_के	राम_के
4.1	भरतस्य		भरतस्य	भरत{पुं;6;एक}	भरत{पुं;6;एक}	षष्ठीसम्बन्धः,5.1	विशेषणम्,3.1#षष्ठीसम्बन्धः,5.1#षष्ठीसम्बन्धः,1.1	N6	भरत_के	भरत_के
5.1	अभिषेचनम्		अभिषेचनम्	अभिषेचन{नपुं;1;एक}/अभिषेचन{नपुं;2;एक}	अभिषेचन{नपुं;2;एक}	समुच्चितः,1.1	सुप्_समुच्चितः,1.1	N2	अभिषेचन_को	अभिषेचन_को
6.1	.		.	-	-	-	-	FS	-	-

