index	word	poem	sandhied_word	morph_analysis	morph_in_context	kaaraka_sambandha	possible_relations	color_code	hindi_meaning	hindi_meaning_active

1.1	सहायं		सहायं	सहाय{पुं;2;एक}	सहाय{पुं;2;एक}	कर्म,2.1	मुख्यकर्म,2.1#गौणकर्म,2.1	N2	साथी	साथी
2.1	वरयामास		वरयामास	वृ2{कर्तरि;लिट्;प्र;एक;परस्मैपदी;अदादिः}	वृ2{कर्तरि;लिट्;प्र;एक;परस्मैपदी;अदादिः}		-	KP	वृ2या	वृ2या
3.1	मारीचं		मारीचं	मारीच{पुं;2;एक}	मारीच{पुं;2;एक}	सञ्ज्ञा,5.1	सञ्ज्ञा,5.1#मुख्यकर्म,2.1#गौणकर्म,2.1	N2	मारीच_को	मारीच_को
4.1	नाम		नाम	नाम{अव्य}	नाम{अव्य}	सञ्ज्ञा_द्योतकः,3.1	सञ्ज्ञा_द्योतकः,3.1	NA	नाम_1	नाम_1
5.1	राक्षसम्		राक्षसम्	राक्षस{पुं;2;एक}	राक्षस{पुं;2;एक}	कर्म,2.1	मुख्यकर्म,2.1#गौणकर्म,2.1	N2	राक्षस	राक्षस
6.1	.		.	-	-	-	-	FS	-	-

