index	word	poem	sandhied_word	morph_analysis	morph_in_context	kaaraka_sambandha	possible_relations	color_code	hindi_meaning	hindi_meaning_active

1.1	तं		तं	तद्{सर्वनाम;पुं;2;एक}	तद्{सर्वनाम;पुं;2;एक}	कर्म,2.1	कर्म,4.1#कर्म,2.1	N2	वह	वह
2.1	निहत्य		निहत्य	नि_हन्1{अव्य;ल्यप्;अदादिः}	नि_हन्1{अव्य;ल्यप्;अदादिः}	पूर्वकालः,4.1	पूर्वकालः,4.1	NA	समूल_नष्ट_करके	समूल_नष्ट_करके
3.1	महा-		महा-बाहुः	महा}/महत्	महा	षष्ठी-बहुव्रीहि,3.2	षष्ठी-बहुव्रीहि,3.2	CP	महा-	महा-
3.2	बाहुः		--	बाहु{पुं;1;एक}	बाहु{पुं;1;एक}	कर्ता,4.1;कर्ता,2.1	कर्ता,4.1	N1	भुजा_ने	भुजा_ने
4.1	ददाह		ददाह	दह्1{कर्तरि;लिट्;प्र;एक;परस्मैपदी;भ्वादिः}/दह्1{कर्तरि;लिट्;उ;एक;परस्मैपदी;भ्वादिः}	दह्1{कर्तरि;लिट्;प्र;एक;परस्मैपदी;भ्वादिः}	अभिहित_कर्ता,3.2;सकर्मक	-	KP	जलाई	जलाई
5.1	.		.	-	-	-	-	FS	-	-

