index	word	poem	sandhied_word	morph_analysis	morph_in_context	kaaraka_sambandha	possible_relations	color_code	hindi_meaning	hindi_meaning_active

1.1	स्वर्गम्		स्वर्गम्	स्वर्ग{पुं;2;एक}	स्वर्ग{पुं;2;एक}	कर्म,2.1	गतिकर्म,2.1	N2	स्वर्ग	स्वर्ग
2.1	गतः		गतः	गत{पुं;1;एक(गम्1;क्त;भ्वादिः)}	गत{पुं;1;एक(गम्1;क्त;भ्वादिः)}		-	N1	गया_हुआ	गया_हुआ
3.1	च		च	च{अव्य}	च{अव्य}	सम्बन्धः,2.1	सम्बन्धः,2.1	NA	च1	च1
4.1	सः		सः	तद्{सर्वनाम;पुं;1;एक}	तद्{सर्वनाम;पुं;1;एक}	कर्ता,2.1	विशेषणम्,2.1#गतिकर्ता,2.1	N1	वह	वह
5.1	.		.	-	-	-	-	FS	-	-

