index	word	poem	sandhied_word	morph_analysis	morph_in_context	kaaraka_sambandha	possible_relations	color_code	hindi_meaning	hindi_meaning_active

1.1	पम्पा-		पम्पा-तीरे	पम्पा	पम्पा	समासः,1.2	समासः,1.2	CP	पम्पा-	पम्पा-
1.2	तीरे		--	तीर{नपुं;1;द्वि}/तीर{नपुं;2;द्वि}/तीर{नपुं;8;द्वि}/तीर{पुं;7;एक}/तीर{नपुं;7;एक}/तीरा{स्त्री;8;एक}/तीरा{स्त्री;8;द्वि}/तीरा{स्त्री;1;द्वि}/तीरा{स्त्री;2;द्वि}	तीर{नपुं;2;द्वि}	कर्म,3.1	गतिकर्म,3.1#सम्बोध्यः,3.1#अधिकरणम्,3.1	N2	तीर	तीर
2.1	हनुमता		हनुमता	हनुमत्{पुं;3;एक}/हनु{मतुप्;पुं;3;एक}/हनु{मतुप्;नपुं;3;एक}	हनुमत्{पुं;3;एक}	हेतुः,3.1	सहार्थः,3.1#हेतुः,3.1#विशेषणम्,4.1	N3	हनुमान्_से	हनुमान्_से
3.1	सङ्गतः		सङ्गतः	सङ्ग{अव्य;तसिल्}/सङ्गत{पुं;1;एक(सम्_गम्1;क्त;भ्वादिः)}	सङ्गत{पुं;1;एक(सम्_गम्1;क्त;भ्वादिः)}		-	N1	मिला-हुआ	मिला-हुआ
4.1	वानरेण		वानरेण	वानर{पुं;3;एक}	वानर{पुं;3;एक}	सहार्थः,3.1	सहार्थः,3.1#हेतुः,3.1	N3	बन्दर_से	बन्दर_से
5.1	ह		ह	ह{अव्य}	ह{अव्य}	सम्बन्धः,4.1	सम्बन्धः,4.1	NA	ह	ह
6.1	.		.	-	-	-	-	FS	-	-

