index	word	poem	sandhied_word	morph_analysis	morph_in_context	kaaraka_sambandha	possible_relations	color_code	hindi_meaning	hindi_meaning_active

1.1	शबर्या		शबर्या	शबरी{स्त्री;3;एक}	शबरी{स्त्री;3;एक}	कर्ता,2.1	कर्ता,2.1#हेतुः,2.1	N3		
2.1	पूजितः		पूजितः	पूजित{पुं;1;एक(पूज्1;क्त;चुरादिः)}	पूजित{पुं;1;एक(पूज्1;क्त;चुरादिः)}		-	N1	पूजित	पूजित
3.1	सम्यक्		सम्यक्	सम्यक्{अव्य}	सम्यक्{अव्य}	क्रियाविशेषणम्,2.1	क्रियाविशेषणम्,2.1	NA	ठीक	ठीक
4.1	रामः		रामः	राम{पुं;1;एक}	राम{पुं;1;एक}	कर्म,2.1	कर्म,2.1	N1	राम	राम
5.1	दशरथ-		दशरथ-आत्मजः	दशरथ	दशरथ	षष्ठी-तत्पुरुष,5.2	षष्ठी-तत्पुरुष,5.2	CP	दशरथ-	दशरथ-
5.2	आत्मजः		--	आत्मज{पुं;1;एक}/आत्म-ज{पुं{1;एक}	आत्म-ज{पुं;1;एक}	विशेषणम्,4.1	विशेषणम्,4.1#विशेषणम्,2.1#कर्म,2.1#अभेदः,4.1	N1	आत्म	आत्म
6.1	.		.	-	-	-	-	FS	-	-

