index	word	poem	sandhied_word	morph_analysis	morph_in_context	kaaraka_sambandha	possible_relations	color_code	hindi_meaning	hindi_meaning_active

1.1	हनुमद्		हनुमद्	हनु{मतुप्;नपुं;1;एक}/हनु{मतुप्;नपुं;2;एक}/हनु{मतुप्;नपुं;8;एक}	हनु{मतुप्;नपुं;2;एक}	कर्म,6.1	सम्बोध्यः,6.1#गतिकर्म,6.1	N2	हनु-वाले	हनु-वाले
2.1	वचनात्		वचनात्	वचन{नपुं;5;एक}	वचन{नपुं;5;एक}	हेतुः,6.1	हेतुः5,6.1	N5	वचन_से	वचन_से
3.1	च		च	च{अव्य}	च{अव्य}	सम्बन्धः,2.1	सम्बन्धः,2.1	NA	च1	च1
4.1	एव		एव	एव{अव्य}	एव{अव्य}	सम्बन्धः,3.1	सम्बन्धः,3.1	NA	ही	ही
5.1	सुग्रीवेण		सुग्रीवेण	सुग्रीव{पुं;3;एक}/सुग्रीव{नपुं;3;एक}	सुग्रीव{पुं;3;एक}	सहार्थः,6.1	सहार्थः,6.1#हेतुः,6.1	N3	सुग्रीव_से	सुग्रीव_से
6.1	समागतः		समागतः	समागत{पुं;1;एक(सम्_आङ्_गम्1;क्त;भ्वादिः)}	समागत{पुं;1;एक(सम्_आङ्_गम्1;क्त;भ्वादिः)}		-	N1	आया_हुवा	आया_हुवा
7.1	.		.	-	-	-	-	FS	-	-

