index	word	poem	sandhied_word	morph_analysis	morph_in_context	kaaraka_sambandha	possible_relations	color_code	hindi_meaning	hindi_meaning_active

1.1	शङ्कितः		शङ्कितः	शङ्किन्{अव्य;तसिल्}/शङ्कित{पुं;1;एक(शक्1;क्त;भ्वादिः)}	शङ्कित{पुं;1;एक(शक्1;क्त;भ्वादिः)}	कर्ता,3.1	कर्ता_बे_वेर्ब्स्,3.1#हेतुः5,3.1	N1	सन्दिग्ध	सन्दिग्ध
2.1	च		च	च{अव्य}	च{अव्य}	सम्बन्धः,1.1	सम्बन्धः,1.1	NA	च1	च1
3.1	आसीत्		आसीत्	अस्2{कर्तरि;लङ्;प्र;एक;परस्मैपदी;अदादिः}	अस्2{कर्तरि;लङ्;प्र;एक;परस्मैपदी;अदादिः}	अभिहित_कर्ता,1.1	-	KP	था	था
4.1	नित्यं		नित्यं	नित्य{पुं;2;एक}/नित्य{नपुं;1;एक}/नित्य{नपुं;2;एक}	नित्य{नपुं;2;एक}	क्रियाविशेषणम्,3.1	क्रियाविशेषणम्,3.1#क्रियाविशेषणम्,1.1#विधेय_विशेषणम्,1.1#कर्ता_बे_वेर्ब्स्,3.1	N2	नित्य	नित्य
5.1	वीर्येण		वीर्येण	वीर्य{नपुं;3;एक}	वीर्य{नपुं;3;एक}	कर्ता,1.1	कर्ता,1.1#हेतुः,3.1#हेतुः,1.1	N3	शूरवीरते_के_द्वारा	शूरवीरते_के_द्वारा
6.1	राघवे		राघवे	राघव{पुं;7;एक}	राघव{पुं;7;एक}	अधिकरणम्,1.1	अधिकरणम्,3.1#अधिकरणम्,1.1	N7	रघुवंशी_में	रघुवंशी_में
7.1	.		.	-	-	-	-	FS	-	-

