index	word	poem	sandhied_word	morph_analysis	morph_in_context	kaaraka_sambandha	possible_relations	color_code	hindi_meaning	hindi_meaning_active

1.1	अनुमान्य		अनुमान्य	अनु_मन्2{अव्य;णिजन्त;ल्यप्;तनादिः}	अनु_मन्2{अव्य;णिजन्त;ल्यप्;तनादिः}	पूर्वकालः,5.1	पूर्वकालः,5.1	NA	स्वीकृति_दिला_कर	स्वीकृति_दिला_कर
2.1	तदा		तदा	तदा{अव्य}	तदा{अव्य}	कालाधिकरणम्,5.1	कालाधिकरणम्,5.1	NA	तब	तब
3.1	तारां		तारां	तारा{स्त्री;2;एक}	तारा{स्त्री;2;एक}	कर्म,1.1	प्रयोज्यकर्ता,1.1#कर्म,1.1#गतिकर्म,5.1	N2	तारा	तारा
4.1	सुग्रीवेण		सुग्रीवेण	सुग्रीव{पुं;3;एक}/सुग्रीव{नपुं;3;एक}	सुग्रीव{पुं;3;एक}	सहार्थः,5.1	सहार्थः,5.1#मध्यस्थकर्ता,1.1#हेतुः,5.1#हेतुः,1.1	N3	सुग्रीव_से	सुग्रीव_से
5.1	समागतः		समागतः	समागत{पुं;1;एक(सम्_आङ्_गम्1;क्त;भ्वादिः)}	समागत{पुं;1;एक(सम्_आङ्_गम्1;क्त;भ्वादिः)}		-	N1	आया_हुवा	आया_हुवा
6.1	.		.	-	-	-	-	FS	-	-

