index	word	poem	sandhied_word	morph_analysis	morph_in_context	kaaraka_sambandha	possible_relations	color_code	hindi_meaning	hindi_meaning_active
										
1.1	दृष्टा		दृष्टा	दृष्टा{स्त्री;1;एक(दृश्1;क्त;भ्वादिः)}	दृष्टा{स्त्री;1;एक(दृश्1;क्त;भ्वादिः)}		-	N1	दृष्ट	दृष्ट
2.1	सीता		सीता	सीता{स्त्री;1;एक}	सीता{स्त्री;1;एक}	कर्म,1.1	वाक्यकर्म,1.1	N1	सीता	सीता
3.1	इति		इति	इति{अव्य}	इति{अव्य}	सम्बन्धः,2.1	वाक्यकर्म_द्योतकः,2.1	NA	ऐसा	ऐसा
4.1	तत्त्वतः		तत्त्वतः	तत्त्वतः{अव्य}	तत्त्वतः{अव्य}	क्रियाविशेषणम्,1.1	क्रियाविशेषणम्,1.1	NA	वस्तुतः	वस्तुतः
5.1	.		.	-	-	-	-	FS	-	-
