index	word	poem	sandhied_word	morph_analysis	morph_in_context	kaaraka_sambandha	possible_relations	color_code	hindi_meaning	hindi_meaning_active

1.1	बभौ		बभौ	भा1{कर्तरि;लिट्;प्र;एक;परस्मैपदी;अदादिः}/भा1{कर्तरि;लिट्;उ;एक;परस्मैपदी;अदादिः}	भा1{कर्तरि;लिट्;प्र;एक;परस्मैपदी;अदादिः}	अभिहित_कर्ता,2.1	-	KP	चमका	चमका
2.1	रामः		रामः	राम{पुं;1;एक}	राम{पुं;1;एक}	कर्ता,1.1	कर्ता,1.1	N1	राम	राम
3.1	संप्रहृष्टः		संप्रहृष्टः	संप्रहृष्ट{पुं;1;एक(सम्_प्र_हृष्;क्त;दिवादिः)}	संप्रहृष्ट{पुं;1;एक(सम्_प्र_हृष्;क्त;दिवादिः)}	विशेषणम्,2.1	विशेषणम्,4.1#विशेषणम्,2.1#कर्ता,1.1	N1	सम्_प्र_हृष्या_हुआ	सम्_प्र_हृष्या_हुआ
4.1	पूजितः		पूजितः	पूजित{पुं;1;एक(पूज्1;क्त;चुरादिः)}	पूजित{पुं;1;एक(पूज्1;क्त;चुरादिः)}	विशेषणम्,2.1	विशेषणम्,3.1#विशेषणम्,2.1#कर्ता,1.1	N1	पूजित	पूजित
5.1	सर्व-		सर्व-दैवतैः	सर्व	सर्व	कर्मधारय,5.2	कर्मधारय,5.2	CP	सर्व-	सर्व-
5.2	दैवतैः		--	दैवत{नपुं;3;बहु}/दैवत{पुं;3;बहु}	दैवत{नपुं;3;बहु}	कर्ता,4.1	कर्ता,4.1#कर्ता,3.1#करणम्,4.1#हेतुः,4.1#हेतुः,3.1#हेतुः,1.1	N3	दैवतों_से	दैवतों_से
6.1	.		.	-	-	-	-	FS	-	-

