index	word	poem	sandhied_word	morph_analysis	morph_in_context	kaaraka_sambandha	possible_relations	color_code	hindi_meaning	hindi_meaning_active

1.1	न		न	न{अव्य}	न{अव्य}	प्रतिषेधः,4.1	प्रतिषेधः,4.1	NA	नहीं	नहीं
2.1	पुत्र-		पुत्र-मरणं	पुत्र	पुत्र	षष्ठी-तत्पुरुष,2.2	षष्ठी-तत्पुरुष,2.2	CP	पुत्र-	पुत्र-
2.2	मरणं		--	मरण{नपुं;1;एक}/मरण{नपुं;2;एक}/मरण{पुं;2;एक}	मरण{नपुं;2;एक}	कर्म,4.1	कर्म,4.1	N2	मरण	मरण
3.1	केचित्		केचित्	किञ्चित्{सर्वनाम;पुं;1;बहु}/किञ्चित्{सर्वनाम;नपुं;1;द्वि}/किञ्चित्{सर्वनाम;नपुं;2;द्वि}/किञ्चित्{सर्वनाम;स्त्री;1;द्वि}/किञ्चित्{सर्वनाम;स्त्री;2;द्वि}	किञ्चित्{सर्वनाम;पुं;1;बहु}	विशेषणम्,5.1	कर्म,4.1#विशेषणम्,5.1#कर्ता,4.1	N1	कोई	कोई
4.1	द्रक्ष्यन्ति		द्रक्ष्यन्ति	दृश्1{कर्तरि;लृट्;प्र;बहु;परस्मैपदी;भ्वादिः}	दृश्1{कर्तरि;लृट्;प्र;बहु;परस्मैपदी;भ्वादिः}	अभिहित_कर्ता,5.1;सकर्मक	-	KP	देखेंगे	देखेंगे
5.1	पुरुषाः		पुरुषाः	पुरुष{पुं;1;बहु}/पुरुष{पुं;8;बहु}	पुरुष{पुं;1;बहु}	कर्ता,4.1	सम्बोध्यः,4.1#कर्ता,4.1	N1	पुरुष	पुरुष
6.1	.		.	-	-	-	-	FS	-	-

