index	word	poem	sandhied_word	morph_analysis	morph_in_context	kaaraka_sambandha	possible_relations	color_code	hindi_meaning	hindi_meaning_active

1.1	न		न	न{अव्य}	न{अव्य}	प्रतिषेधः,3.1	प्रतिषेधः,3.1	NA	नहीं	नहीं
2.1	अप्सु		अप्सु	अप्{स्त्री;7;बहु}	अप्{स्त्री;7;बहु}	अधिकरणम्,3.1	अधिकरणम्,3.1	N7	पानी_में	पानी_में
3.1	मज्जन्ति		मज्जन्ति	मस्ज्1{कर्तरि;लट्;प्र;बहु;परस्मैपदी;तुदादिः}	मस्ज्1{कर्तरि;लट्;प्र;बहु;परस्मैपदी;तुदादिः}	अभिहित_कर्ता,4.1	-	KP	स्नान_करते_हैं	स्नान_करते_हैं
4.1	जन्तवः		जन्तवः	जन्तु{पुं;1;बहु}/जन्तु{पुं;8;बहु}	जन्तु{पुं;1;बहु}	कर्ता,3.1	सम्बोध्यः,3.1#कर्ता,3.1	N1	जन्तु	जन्तु
5.1	.		.	-	-	-	-	FS	-	-

