index	word	poem	sandhied_word	morph_analysis	morph_in_context	kaaraka_sambandha	possible_relations	color_code	hindi_meaning	hindi_meaning_active

1.1	न		न	न{अव्य}	न{अव्य}	प्रतिषेधः,4.1	प्रतिषेधः,4.1	NA	नहीं	नहीं
2.1	तस्कर-		तस्कर-भयं	तस्कर	तस्कर	पञ्चमी-तत्पुरुष,2.2	पञ्चमी-तत्पुरुष,2.2	CP	तस्कर-	तस्कर-
2.2	भयं		--	भय{नपुं;1;एक}/भय{नपुं;2;एक}/भय{पुं;2;एक}	भय{नपुं;1;एक}	कर्ता,4.1	कर्ता_बे_वेर्ब्स्,4.1	N1	भय	भय
3.1	तथा		तथा	तथा{अव्य}	तथा{अव्य}	क्रियाविशेषणम्,4.1	क्रियाविशेषणम्,4.1	NA	और	और
4.1	अस्ति		अस्ति	अस्2{कर्तरि;लट्;प्र;एक;परस्मैपदी;अदादिः}	अस्2{कर्तरि;लट्;प्र;एक;परस्मैपदी;अदादिः}	अभिहित_कर्ता,2.2	-	KP	है	है
5.1	.		.	-	-	-	-	FS	-	-

