index	word	poem	sandhied_word	morph_analysis	morph_in_context	kaaraka_sambandha	possible_relations	color_code	hindi_meaning	hindi_meaning_active

1.1	भूमि-		भूमि-पतित्वम्	भूमि	भूमि	षष्ठी-तत्पुरुष,1.2	षष्ठी-तत्पुरुष,1.2	CP	भूमि-	भूमि-
1.2	पतित्वम्		--	पति{त्व;नपुं;1;एक}/पति{त्व;नपुं;2;एक}	पति{त्व;नपुं;2;एक}	कर्म,2.1	कर्म,2.1#कर्ता,2.1	N2	पति-त्व	पति-त्व
2.1	ईयात्		ईयात्	इ1{कर्तरि;आशीर्लिङ्;प्र;एक;परस्मैपदी;अदादिः}	इ1{कर्तरि;आशीर्लिङ्;प्र;एक;परस्मैपदी;अदादिः}		-	KP	जाये	जाये
3.1	.		.	-	-	-	-	FS	-	-

