index	word	poem	sandhied_word	morph_analysis	morph_in_context	kaaraka_sambandha	possible_relations	color_code	hindi_meaning	hindi_meaning_active

1.1	स्यात्		स्यात्	अस्2{कर्तरि;विधिलिङ्;प्र;एक;परस्मैपदी;अदादिः}	अस्2{कर्तरि;विधिलिङ्;प्र;एक;परस्मैपदी;अदादिः}	अभिहित_कर्ता,2.1	-	KP	हो	हो
2.1	क्षत्रियः		क्षत्रियः	क्षत्रिय{पुं;1;एक}	क्षत्रिय{पुं;1;एक}	कर्ता,1.1	कर्ता_बे_वेर्ब्स्,1.1	N1	क्षत्रिय	क्षत्रिय
3.1	.		.	-	-	-	-	FS	-	-

