index	word	poem	sandhied_word	morph_analysis	morph_in_context	kaaraka_sambandha	possible_relations	color_code	hindi_meaning	hindi_meaning_active

1.1	जनः		जनः	जन{पुं;1;एक}	जन{पुं;1;एक}	कर्ता,6.1	सुप्_समुच्चितः,3.1#कर्ता,6.1	N1	जन	जन
2.1	च		च	च{अव्य}	च{अव्य}	सम्बन्धः,1.1	सुप्_समुच्चय_द्योतकः,1.1#सम्बन्धः,1.1	NA	च1	च1
3.1	शूद्रः		शूद्रः	शूद्र{पुं;1;एक}	शूद्र{पुं;1;एक}	विशेषणम्,1.1	विशेषणम्,1.1#सुप्_समुच्चितः,1.1#कर्ता,6.1	N1	शूद्र	शूद्र
4.1	अपि		अपि	अपि{अव्य}	अपि{अव्य}	सम्बन्धः,3.1	सुप्_समुच्चय_द्योतकः,3.1#सम्बन्धः,3.1	NA	भी	भी
5.1	महत्त्वम्		महत्त्वम्	महत्त्व{नपुं;1;एक}/महत्त्व{नपुं;2;एक}	महत्त्व{नपुं;2;एक}	कर्म,6.1	कर्म,6.1#सुप्_समुच्चितः,3.1#सुप्_समुच्चितः,1.1#कर्ता,6.1	N2	महत्त्व	महत्त्व
6.1	ईयात्		ईयात्	इ1{कर्तरि;आशीर्लिङ्;प्र;एक;परस्मैपदी;अदादिः}	इ1{कर्तरि;आशीर्लिङ्;प्र;एक;परस्मैपदी;अदादिः}	अभिहित_कर्ता,1.1;सकर्मक	-	KP	जाये	जाये
7.1	.		.	-	-	-	-	FS	-	-

